20 , 11.03515625 , 80.17578125 , Wed Jan 18 2017 21:30:31 GMT+0000 (GMT)
20 , 11.1328125 , 80.078125 , Wed Jan 18 2017 21:31:31 GMT+0000 (GMT)
20 , 11.03515625 , 80.17578125 , Wed Jan 18 2017 21:32:31 GMT+0000 (GMT)
20 , 11.1328125 , 80.37109375 , Wed Jan 18 2017 21:33:31 GMT+0000 (GMT)
20 , 11.23046875 , 80.2734375 , Wed Jan 18 2017 21:34:31 GMT+0000 (GMT)
20 , 11.23046875 , 80.2734375 , Wed Jan 18 2017 21:35:31 GMT+0000 (GMT)
20 , 11.328125 , 80.17578125 , Wed Jan 18 2017 21:36:31 GMT+0000 (GMT)
20 , 11.1328125 , 80.17578125 , Wed Jan 18 2017 21:37:31 GMT+0000 (GMT)
20 , 11.23046875 , 80.078125 , Wed Jan 18 2017 21:38:31 GMT+0000 (GMT)
20 , 11.328125 , 80.17578125 , Wed Jan 18 2017 21:39:31 GMT+0000 (GMT)
20 , 11.03515625 , 80.17578125 , Wed Jan 18 2017 21:40:31 GMT+0000 (GMT)
20 , 11.42578125 , 80.17578125 , Wed Jan 18 2017 21:41:31 GMT+0000 (GMT)
20 , 11.42578125 , 80.2734375 , Wed Jan 18 2017 21:42:31 GMT+0000 (GMT)
20 , 11.1328125 , 80.2734375 , Wed Jan 18 2017 21:43:31 GMT+0000 (GMT)
20 , 11.23046875 , 80.37109375 , Wed Jan 18 2017 21:44:31 GMT+0000 (GMT)
20 , 11.23046875 , 80.17578125 , Wed Jan 18 2017 21:45:31 GMT+0000 (GMT)
20 , 11.1328125 , 80.2734375 , Wed Jan 18 2017 21:46:31 GMT+0000 (GMT)
20 , 11.23046875 , 80.078125 , Wed Jan 18 2017 21:47:32 GMT+0000 (GMT)
20 , 11.23046875 , 80.078125 , Wed Jan 18 2017 21:48:32 GMT+0000 (GMT)
20 , 11.03515625 , 80.17578125 , Wed Jan 18 2017 21:49:32 GMT+0000 (GMT)
20 , 11.328125 , 80.2734375 , Wed Jan 18 2017 21:50:32 GMT+0000 (GMT)
20 , 11.328125 , 80.2734375 , Wed Jan 18 2017 21:51:32 GMT+0000 (GMT)
20 , 11.03515625 , 80.2734375 , Wed Jan 18 2017 21:52:32 GMT+0000 (GMT)
20 , 11.03515625 , 80.2734375 , Wed Jan 18 2017 21:53:32 GMT+0000 (GMT)
20 , 11.23046875 , 80.2734375 , Wed Jan 18 2017 21:54:32 GMT+0000 (GMT)
20 , 11.23046875 , 80.17578125 , Wed Jan 18 2017 21:55:32 GMT+0000 (GMT)
20 , 11.328125 , 80.2734375 , Wed Jan 18 2017 21:56:32 GMT+0000 (GMT)
20 , 11.1328125 , 80.17578125 , Wed Jan 18 2017 21:57:32 GMT+0000 (GMT)
20 , 11.23046875 , 80.2734375 , Wed Jan 18 2017 21:58:32 GMT+0000 (GMT)
20 , 11.23046875 , 80.17578125 , Wed Jan 18 2017 21:59:32 GMT+0000 (GMT)
20 , 11.1328125 , 80.2734375 , Wed Jan 18 2017 22:00:33 GMT+0000 (GMT)
20 , 11.23046875 , 80.37109375 , Wed Jan 18 2017 22:01:33 GMT+0000 (GMT)
20 , 11.1328125 , 80.2734375 , Wed Jan 18 2017 22:02:33 GMT+0000 (GMT)
20 , 11.23046875 , 80.2734375 , Wed Jan 18 2017 22:03:33 GMT+0000 (GMT)
20 , 11.03515625 , 80.17578125 , Wed Jan 18 2017 22:04:33 GMT+0000 (GMT)
20 , 11.23046875 , 80.2734375 , Wed Jan 18 2017 22:05:33 GMT+0000 (GMT)
20 , 10.9375 , 80.2734375 , Wed Jan 18 2017 22:06:33 GMT+0000 (GMT)
20 , 11.23046875 , 80.2734375 , Wed Jan 18 2017 22:07:34 GMT+0000 (GMT)
20 , 11.23046875 , 80.2734375 , Wed Jan 18 2017 22:08:34 GMT+0000 (GMT)
20 , 11.42578125 , 80.2734375 , Wed Jan 18 2017 22:09:34 GMT+0000 (GMT)
20 , 11.42578125 , 80.17578125 , Wed Jan 18 2017 22:10:34 GMT+0000 (GMT)
20 , 11.1328125 , 80.37109375 , Wed Jan 18 2017 22:11:34 GMT+0000 (GMT)
20 , 11.23046875 , 80.17578125 , Wed Jan 18 2017 22:12:34 GMT+0000 (GMT)
20 , 11.23046875 , 80.17578125 , Wed Jan 18 2017 22:13:34 GMT+0000 (GMT)
20 , 11.328125 , 80.17578125 , Wed Jan 18 2017 22:14:34 GMT+0000 (GMT)
20 , 11.23046875 , 80.17578125 , Wed Jan 18 2017 22:15:34 GMT+0000 (GMT)
20 , 10.9375 , 80.17578125 , Wed Jan 18 2017 22:16:34 GMT+0000 (GMT)
20 , 11.03515625 , 80.2734375 , Wed Jan 18 2017 22:17:34 GMT+0000 (GMT)
20 , 11.23046875 , 80.17578125 , Wed Jan 18 2017 22:18:34 GMT+0000 (GMT)
20 , 11.03515625 , 80.17578125 , Wed Jan 18 2017 22:19:34 GMT+0000 (GMT)
20 , 11.1328125 , 80.17578125 , Wed Jan 18 2017 22:20:34 GMT+0000 (GMT)
20 , 11.1328125 , 80.37109375 , Wed Jan 18 2017 22:21:34 GMT+0000 (GMT)
20 , 11.328125 , 80.17578125 , Wed Jan 18 2017 22:22:34 GMT+0000 (GMT)
20 , 11.42578125 , 80.2734375 , Wed Jan 18 2017 22:23:34 GMT+0000 (GMT)
20 , 11.23046875 , 80.2734375 , Wed Jan 18 2017 22:24:35 GMT+0000 (GMT)
20 , 11.03515625 , 80.17578125 , Wed Jan 18 2017 22:25:35 GMT+0000 (GMT)
20 , 11.328125 , 80.37109375 , Wed Jan 18 2017 22:26:35 GMT+0000 (GMT)
20 , 11.328125 , 80.37109375 , Wed Jan 18 2017 22:27:35 GMT+0000 (GMT)
20 , 11.328125 , 80.2734375 , Wed Jan 18 2017 22:28:35 GMT+0000 (GMT)
20 , 11.23046875 , 80.2734375 , Wed Jan 18 2017 22:29:35 GMT+0000 (GMT)
20 , 11.1328125 , 80.2734375 , Wed Jan 18 2017 22:30:35 GMT+0000 (GMT)
20 , 11.42578125 , 80.37109375 , Wed Jan 18 2017 22:31:35 GMT+0000 (GMT)
20 , 11.328125 , 80.37109375 , Wed Jan 18 2017 22:32:35 GMT+0000 (GMT)
20 , 11.328125 , 80.17578125 , Wed Jan 18 2017 22:33:35 GMT+0000 (GMT)
20 , 11.1328125 , 80.2734375 , Wed Jan 18 2017 22:34:35 GMT+0000 (GMT)
20 , 11.23046875 , 80.17578125 , Wed Jan 18 2017 22:35:35 GMT+0000 (GMT)
20 , 11.5234375 , 80.2734375 , Wed Jan 18 2017 22:36:35 GMT+0000 (GMT)
20 , 11.1328125 , 80.2734375 , Wed Jan 18 2017 22:38:08 GMT+0000 (GMT)
20 , 11.1328125 , 80.2734375 , Wed Jan 18 2017 22:39:09 GMT+0000 (GMT)
20 , 11.328125 , 80.17578125 , Wed Jan 18 2017 22:40:09 GMT+0000 (GMT)
20 , 11.23046875 , 80.2734375 , Wed Jan 18 2017 22:41:09 GMT+0000 (GMT)
20 , 11.23046875 , 80.2734375 , Wed Jan 18 2017 22:42:09 GMT+0000 (GMT)
20 , 11.03515625 , 80.2734375 , Wed Jan 18 2017 22:43:09 GMT+0000 (GMT)
20 , 10.9375 , 80.078125 , Wed Jan 18 2017 22:44:09 GMT+0000 (GMT)
20 , 11.23046875 , 80.37109375 , Wed Jan 18 2017 22:45:09 GMT+0000 (GMT)
20 , 11.03515625 , 80.2734375 , Wed Jan 18 2017 22:46:09 GMT+0000 (GMT)
20 , 11.23046875 , 80.078125 , Wed Jan 18 2017 22:47:09 GMT+0000 (GMT)
20 , 11.1328125 , 80.078125 , Wed Jan 18 2017 22:48:09 GMT+0000 (GMT)
21 , 11.03515625 , 80.17578125 , Wed Jan 18 2017 22:49:09 GMT+0000 (GMT)
20 , 11.23046875 , 80.37109375 , Wed Jan 18 2017 22:50:09 GMT+0000 (GMT)
20 , 11.03515625 , 80.2734375 , Wed Jan 18 2017 22:51:09 GMT+0000 (GMT)
21 , 11.1328125 , 80.078125 , Wed Jan 18 2017 22:52:09 GMT+0000 (GMT)
21 , 10.83984375 , 80.17578125 , Wed Jan 18 2017 22:53:09 GMT+0000 (GMT)
21 , 11.1328125 , 80.2734375 , Wed Jan 18 2017 22:54:09 GMT+0000 (GMT)
